[{
  "id": "56afc886-767b-d359-d59e-0da7877166b2",
  "topic": "/SUBSCRIPTIONS/<subscription ID>/RESOURCEGROUPS/<resource group name>/PROVIDERS/MICROSOFT.DEVICES/IOTHUBS/<hub name>",
  "subject": "devices/LogicAppTestDevice",
  "eventType": "Microsoft.Devices.DeviceCreated",
  "eventTime": "2018-01-02T19:17:44.4383997Z",
  "data": {
    "twin": {
      "deviceId": "LogicAppTestDevice",
      "etag": "AAAAAAAAAAE=",
      "deviceEtag": "null",
      "status": "enabled",
      "statusUpdateTime": "0001-01-01T00:00:00",
      "connectionState": "Disconnected",
      "lastActivityTime": "0001-01-01T00:00:00",
      "cloudToDeviceMessageCount": 0,
      "authenticationType": "sas",
      "x509Thumbprint": {
        "primaryThumbprint": null,
        "secondaryThumbprint": null
      },
      "version": 2,
      "properties": {
        "desired": {
          "$metadata": {
            "$lastUpdated": "2018-01-02T19:17:44.4383997Z"
          },
          "$version": 1
        },
        "reported": {
          "$metadata": {
            "$lastUpdated": "2018-01-02T19:17:44.4383997Z"
          },
          "$version": 1
        }
      }
    },
    "hubName": "egtesthub1",
    "deviceId": "LogicAppTestDevice"
  },
  "dataVersion": "1",
  "metadataVersion": "1"
}]
